id,PM2.5
test_00001,178.8715
test_00002,158.92741
test_00003,420.51965
test_00004,87.08882
test_00005,47.973637
test_00006,118.675285
test_00007,9.163079
test_00008,7.7107515
test_00009,49.955364
test_00010,118.416725
test_00011,11.387936
test_00012,117.306725
test_00013,268.84662
test_00014,331.78836
test_00015,82.994286
test_00016,50.059025
test_00017,50.530376
test_00018,124.66746
test_00019,54.1427
test_00020,16.768541
test_00021,27.071966
test_00022,36.253353
test_00023,11.7727165
test_00024,57.47826
test_00025,10.448925
test_00026,11.765719
test_00027,108.08543
test_00028,64.35124
test_00029,10.104298
test_00030,9.147105
test_00031,58.221836
test_00032,101.11616
test_00033,99.68451
test_00034,21.648003
test_00035,16.41292
test_00036,85.61721
test_00037,97.65062
test_00038,18.36218
test_00039,37.65491
test_00040,80.86491
test_00041,11.584916
test_00042,17.320957
test_00043,32.078377
test_00044,65.12081
test_00045,73.66619
test_00046,58.70493
test_00047,23.571932
test_00048,60.119366
test_00049,59.67297
test_00050,75.93371
test_00051,95.692696
test_00052,108.54216
test_00053,62.297054
test_00054,165.79883
test_00055,185.16116
test_00056,25.28544
test_00057,11.749702
test_00058,27.069193
test_00059,59.37695
test_00060,36.692684
test_00061,33.309933
test_00062,59.16847
test_00063,24.764019
test_00064,58.420147
test_00065,142.2347
test_00066,26.32312
test_00067,36.073174
test_00068,65.21684
test_00069,62.768093
test_00070,43.859936
test_00071,50.02214
test_00072,80.39044
test_00073,128.1332
test_00074,87.78273
test_00075,61.556644
test_00076,78.46535
test_00077,53.08824
test_00078,11.97775
test_00079,18.69565
test_00080,56.971966
test_00081,36.713963
test_00082,14.631981
test_00083,86.56998
test_00084,34.796062
test_00085,38.5811
test_00086,44.022327
test_00087,73.84146
test_00088,70.477646
test_00089,74.69454
test_00090,124.50543
test_00091,80.41612
test_00092,196.55226
test_00093,41.287006
test_00094,9.74307
test_00095,70.90336
test_00096,34.092083
test_00097,62.60994
test_00098,15.799662
test_00099,103.706245
test_00100,18.898062
test_00101,19.142244
test_00102,128.60283
test_00103,84.66332
test_00104,136.03131
test_00105,57.909298
test_00106,119.21597
test_00107,9.703629
test_00108,15.923219
test_00109,32.47263
test_00110,52.559925
test_00111,99.23692
test_00112,116.53614
test_00113,61.885067
test_00114,25.287296
test_00115,41.626793
test_00116,113.17213
test_00117,59.260883
test_00118,81.14545
test_00119,83.54639
test_00120,80.57037
test_00121,65.94206
test_00122,106.32136
test_00123,81.98026
test_00124,53.615498
test_00125,24.521412
test_00126,71.619095
test_00127,34.77025
test_00128,38.26713
test_00129,82.49514
test_00130,110.657166
test_00131,66.18295
test_00132,12.964907
test_00133,24.640959
test_00134,64.72229
test_00135,143.21304
test_00136,117.11987
test_00137,47.853115
test_00138,16.747519
test_00139,120.57223
test_00140,98.7334
test_00141,46.312054
test_00142,82.77591
test_00143,82.99442
test_00144,52.847157
test_00145,87.17055
test_00146,83.302055
test_00147,113.395615
test_00148,12.9777355
test_00149,38.473892
test_00150,49.00587
test_00151,57.660618
test_00152,85.51867
test_00153,47.11453
test_00154,34.676094
test_00155,13.115421
test_00156,10.190774
test_00157,24.344238
test_00158,76.323204
test_00159,63.074665
test_00160,23.964571
test_00161,53.118023
test_00162,68.163666
test_00163,34.16415
test_00164,77.624374
test_00165,108.44079
test_00166,9.327511
test_00167,22.446062
test_00168,11.489121
test_00169,20.261114
test_00170,24.389704
test_00171,22.5466
test_00172,8.284324
test_00173,13.09326
test_00174,12.663521
test_00175,136.2138
test_00176,33.816223
test_00177,9.922416
test_00178,10.681273
test_00179,9.719174
test_00180,13.085648
test_00181,27.289343
test_00182,40.099834
test_00183,66.86698
test_00184,84.1004
test_00185,158.62256
test_00186,29.934402
test_00187,26.906252
test_00188,13.598962
test_00189,18.441545
test_00190,37.289524
test_00191,88.49145
test_00192,82.55682
test_00193,23.937399
test_00194,171.57805
test_00195,25.678549
test_00196,9.024156
test_00197,31.991167
test_00198,80.2993
test_00199,202.22263
test_00200,160.79956
test_00201,98.230896
test_00202,37.191048
test_00203,57.773766
test_00204,51.994114
test_00205,56.98604
test_00206,21.636219
test_00207,47.916832
test_00208,135.34488
test_00209,51.20078
test_00210,122.336624
test_00211,221.73259
test_00212,275.85364
test_00213,118.98145
test_00214,101.423805
test_00215,56.81384
test_00216,172.65523
test_00217,30.42739
test_00218,33.349724
test_00219,11.468955
test_00220,22.806318
test_00221,48.38231
test_00222,120.122215
test_00223,7.257214
test_00224,69.60293
test_00225,6.7011776
test_00226,26.158773
test_00227,10.491452
test_00228,8.193005
test_00229,69.9219
test_00230,115.077065
test_00231,300.54666
test_00232,237.99919
test_00233,107.37928
test_00234,112.895355
test_00235,12.47081
test_00236,97.47762
test_00237,194.15668
test_00238,21.862476
test_00239,66.19252
test_00240,56.158226
test_00241,12.350055
test_00242,24.306982
test_00243,86.444275
test_00244,64.33555
test_00245,196.46033
test_00246,27.117847
test_00247,75.37453
test_00248,8.168946
test_00249,8.61221
test_00250,11.795414
test_00251,73.04652
test_00252,186.93257
test_00253,240.9863
test_00254,17.896849
test_00255,65.33079
test_00256,146.28378
test_00257,9.967749
test_00258,131.55388
test_00259,128.85942
test_00260,500.82648
test_00261,70.13251
test_00262,29.29056
test_00263,110.42943
test_00264,188.07986
test_00265,7.2578354
test_00266,16.080816
test_00267,103.28461
test_00268,224.78064
test_00269,10.03905
test_00270,13.893258
test_00271,8.498233
test_00272,55.297676
test_00273,259.12308
test_00274,197.37314
test_00275,197.18964
test_00276,402.32974
test_00277,390.80972
test_00278,14.938183
test_00279,78.35332
test_00280,163.52011
test_00281,175.21011
test_00282,12.197736
test_00283,144.67415
test_00284,10.741998
test_00285,313.8401
test_00286,273.2111
test_00287,437.8448
test_00288,85.142334
test_00289,285.24252
test_00290,404.44675
test_00291,260.3139
test_00292,183.5423
test_00293,100.47909
test_00294,17.899267
test_00295,12.678712
test_00296,6.132792
test_00297,35.852356
test_00298,75.45807
test_00299,11.743156
test_00300,30.64819
test_00301,77.852066
test_00302,122.028725
test_00303,161.85579
test_00304,67.651085
test_00305,9.466003
test_00306,77.54496
test_00307,10.455599
test_00308,21.46953
test_00309,68.93009
test_00310,194.42224
test_00311,244.30112
test_00312,9.625923
test_00313,566.333
test_00314,10.194916
test_00315,7.8565426
test_00316,86.20638
test_00317,8.162576
test_00318,49.507626
test_00319,83.7365
test_00320,268.08176
test_00321,9.916968
test_00322,10.250688
test_00323,82.60998
test_00324,9.573599
test_00325,11.943793
test_00326,10.638406
test_00327,117.537544
test_00328,138.33035
test_00329,176.73262
test_00330,264.64206
test_00331,301.75443
test_00332,7.0121
test_00333,78.14263
test_00334,155.83543
test_00335,6.344262
test_00336,68.27785
test_00337,89.72066
test_00338,14.698812
test_00339,26.719812
test_00340,11.783136
test_00341,21.996895
test_00342,8.577327
test_00343,114.57347
test_00344,189.87924
test_00345,245.36884
test_00346,48.685116
test_00347,22.583439
test_00348,83.59356
test_00349,8.858682
test_00350,10.239102
test_00351,15.341522
test_00352,15.072576
test_00353,88.93635
test_00354,14.900595
test_00355,76.210945
test_00356,225.43712
test_00357,279.16476
test_00358,69.30722
test_00359,43.337414
test_00360,26.98163
test_00361,108.89525
test_00362,56.505363
test_00363,12.685335
test_00364,10.577786
test_00365,12.630208
test_00366,9.726452
test_00367,18.09323
test_00368,6.6746006
test_00369,7.9101458
test_00370,55.149837
test_00371,61.537014
test_00372,7.5880523
test_00373,16.596523
test_00374,36.471058
test_00375,44.447792
test_00376,85.07909
test_00377,17.873606
test_00378,12.907103
test_00379,10.853369
test_00380,53.81374
test_00381,36.701008
test_00382,102.61431
test_00383,13.416958
test_00384,39.13937
test_00385,84.60599
test_00386,10.230475
test_00387,20.545452
test_00388,29.104977
test_00389,81.917336
test_00390,69.32097
test_00391,43.623405
test_00392,11.179514
test_00393,45.19525
test_00394,86.1164
test_00395,77.80972
test_00396,74.54972
test_00397,75.19087
test_00398,53.362225
test_00399,152.64075
test_00400,39.728405
test_00401,10.226521
test_00402,14.359917
test_00403,13.374801
test_00404,19.652704
test_00405,72.57455
test_00406,19.912912
test_00407,43.779434
test_00408,183.89977
test_00409,21.063995
test_00410,33.578327
test_00411,59.64117
test_00412,13.254689
test_00413,18.185709
test_00414,44.64517
test_00415,79.2083
test_00416,104.845345
test_00417,82.331215
test_00418,44.96921
test_00419,75.86035
test_00420,21.003988
test_00421,14.842873
test_00422,17.52801
test_00423,18.954477
test_00424,86.38261
test_00425,14.61312
test_00426,65.8948
test_00427,46.12743
test_00428,58.6398
test_00429,88.82025
test_00430,95.16509
test_00431,71.094505
test_00432,70.01435
test_00433,107.22709
test_00434,69.66128
test_00435,129.46046
test_00436,42.85335
test_00437,8.058367
test_00438,42.41755
test_00439,23.633879
test_00440,31.163359
test_00441,10.156438
test_00442,18.563135
test_00443,20.088396
test_00444,23.51
test_00445,51.142456
test_00446,140.32423
test_00447,94.0615
test_00448,62.338696
test_00449,36.051575
test_00450,14.366545
test_00451,25.436625
test_00452,62.88792
test_00453,61.236267
test_00454,115.778786
test_00455,10.134051
test_00456,21.061472
test_00457,36.679794
test_00458,97.94788
test_00459,40.196156
test_00460,83.27387
test_00461,73.792015
test_00462,60.144886
test_00463,46.4391
test_00464,84.83136
test_00465,50.502712
test_00466,38.335506
test_00467,7.9104867
test_00468,40.106907
test_00469,18.428633
test_00470,27.27294
test_00471,61.117237
test_00472,102.928375
test_00473,26.38825
test_00474,6.8408575
test_00475,14.4122095
test_00476,90.061615
test_00477,151.7078
test_00478,66.001
test_00479,33.194313
test_00480,26.241947
test_00481,12.7783575
test_00482,59.561985
test_00483,136.22998
test_00484,32.510822
test_00485,41.97364
test_00486,61.350048
test_00487,20.437977
test_00488,37.930786
test_00489,66.39144
test_00490,92.348755
test_00491,14.724871
test_00492,34.577297
test_00493,44.402832
test_00494,88.61317
test_00495,25.188726
test_00496,23.5638
test_00497,8.6537895
test_00498,18.059875
test_00499,21.05578
test_00500,60.142696
test_00501,54.63386
test_00502,16.078554
test_00503,39.42405
test_00504,43.058537
test_00505,36.270805
test_00506,59.593845
test_00507,44.728615
test_00508,7.166834
test_00509,11.5697565
test_00510,7.6281667
test_00511,17.362886
test_00512,15.803624
test_00513,15.21124
test_00514,10.2538
test_00515,15.986465
test_00516,13.694949
test_00517,132.66849
test_00518,32.147076
test_00519,9.108128
test_00520,49.317757
test_00521,9.180728
test_00522,11.441498
test_00523,14.429451
test_00524,18.183397
test_00525,26.20197
test_00526,111.072845
test_00527,27.122807
test_00528,45.98049
test_00529,21.847393
test_00530,23.932331
test_00531,8.85776
test_00532,13.354768
test_00533,24.120083
test_00534,79.05813
test_00535,94.14773
test_00536,11.36723
test_00537,109.37515
test_00538,17.796577
test_00539,11.028518
test_00540,10.796904
test_00541,31.004944
test_00542,106.65119
test_00543,167.55376
test_00544,149.8829
test_00545,128.65575
test_00546,39.91322
test_00547,52.974354
test_00548,62.439644
test_00549,38.879654
test_00550,21.991896
test_00551,62.688843
test_00552,99.62739
test_00553,73.8451
test_00554,112.82559
test_00555,149.90134
test_00556,231.70319
test_00557,153.68408
test_00558,16.548023
test_00559,96.36396
test_00560,139.84966
test_00561,105.48569
test_00562,30.204
test_00563,9.850095
test_00564,33.049435
test_00565,53.92947
test_00566,102.70728
test_00567,22.714937
test_00568,43.289886
test_00569,7.6611867
test_00570,29.328724
test_00571,8.611365
test_00572,13.9523115
test_00573,70.51077
test_00574,30.371693
test_00575,275.01376
test_00576,247.35727
test_00577,167.6345
test_00578,72.94457
test_00579,20.347284
test_00580,51.5333
test_00581,214.58803
test_00582,25.07218
test_00583,45.484932
test_00584,53.332867
test_00585,55.548634
test_00586,17.249264
test_00587,93.15065
test_00588,107.13305
test_00589,186.4129
test_00590,15.411445
test_00591,56.092564
test_00592,10.268919
test_00593,10.552232
test_00594,12.298423
test_00595,61.027798
test_00596,120.68711
test_00597,196.50928
test_00598,21.183832
test_00599,69.88713
test_00600,112.30004
test_00601,20.957386
test_00602,26.241493
test_00603,80.58499
test_00604,159.71797
test_00605,142.64632
test_00606,31.064146
test_00607,99.236885
test_00608,171.61308
test_00609,12.829337
test_00610,78.85163
test_00611,65.25671
test_00612,196.77504
test_00613,51.22532
test_00614,10.3453865
test_00615,10.432931
test_00616,77.5335
test_00617,158.4097
test_00618,231.54553
test_00619,204.9024
test_00620,318.6995
test_00621,412.54297
test_00622,13.797102
test_00623,59.945736
test_00624,226.925
test_00625,224.19266
test_00626,13.946688
test_00627,84.824005
test_00628,8.564083
test_00629,48.15781
test_00630,112.16633
test_00631,349.62598
test_00632,22.971357
test_00633,132.57668
test_00634,143.13301
test_00635,166.11766
test_00636,156.26654
test_00637,255.85263
test_00638,21.855944
test_00639,9.7192135
test_00640,8.597535
test_00641,18.114153
test_00642,23.27273
test_00643,10.183774
test_00644,24.222218
test_00645,99.17413
test_00646,114.44935
test_00647,171.84012
test_00648,46.352417
test_00649,10.49856
test_00650,43.323475
test_00651,12.082211
test_00652,31.234268
test_00653,42.17973
test_00654,90.719406
test_00655,191.5986
test_00656,8.997667
test_00657,239.8867
test_00658,8.931063
test_00659,14.31305
test_00660,57.900818
test_00661,10.87783
test_00662,95.58561
test_00663,96.47754
test_00664,243.81711
test_00665,13.631381
test_00666,15.150068
test_00667,83.380775
test_00668,8.511246
test_00669,8.703494
test_00670,14.016344
test_00671,60.625156
test_00672,61.8971
test_00673,78.52072
test_00674,227.80411
test_00675,221.90474
test_00676,9.045278
test_00677,58.679688
test_00678,119.54423
test_00679,5.457757
test_00680,73.833405
test_00681,110.39463
test_00682,14.97174
test_00683,20.33063
test_00684,13.575267
test_00685,72.87582
test_00686,69.910355
test_00687,9.845985
test_00688,159.76091
test_00689,198.91068
test_00690,347.65305
test_00691,56.884117
test_00692,29.048738
test_00693,43.012386
test_00694,7.4968
test_00695,7.557833
test_00696,10.06685
test_00697,13.650962
test_00698,92.39898
test_00699,14.8014765
test_00700,99.44259
test_00701,226.94682
test_00702,311.58127
test_00703,69.539604
test_00704,54.86664
test_00705,45.666855
test_00706,151.32814
test_00707,85.99681
test_00708,9.725226
test_00709,9.392948
test_00710,11.776772
test_00711,8.987713
test_00712,20.311186
test_00713,6.952931
test_00714,6.992822
test_00715,60.38846
test_00716,98.54168
test_00717,9.948604
test_00718,8.786389
test_00719,35.390553
test_00720,52.334145
test_00721,82.95382
test_00722,22.132067
test_00723,17.155056
test_00724,16.75615
test_00725,71.02331
test_00726,36.20137
test_00727,101.73812
test_00728,15.185897
test_00729,48.908157
test_00730,90.58274
test_00731,10.243058
test_00732,13.504777
test_00733,24.467117
test_00734,117.89069
test_00735,64.37662
test_00736,52.32128
test_00737,8.973978
test_00738,50.771053
test_00739,115.533875
test_00740,92.70651
test_00741,70.974915
test_00742,52.144764
test_00743,49.11604
test_00744,144.61002
test_00745,216.81577
test_00746,30.722519
test_00747,35.67331
test_00748,90.049355
test_00749,13.060195
test_00750,18.471947
test_00751,58.4969
test_00752,18.744524
test_00753,46.16039
test_00754,163.45839
test_00755,26.752357
test_00756,32.488277
test_00757,49.265404
test_00758,10.574626
test_00759,16.962585
test_00760,47.768986
test_00761,74.251686
test_00762,92.26183
test_00763,64.05833
test_00764,36.996273
test_00765,67.05834
test_00766,19.470552
test_00767,16.831356
test_00768,16.621063
test_00769,20.15307
test_00770,85.332596
test_00771,14.261019
test_00772,85.61822
test_00773,40.363407
test_00774,27.328796
test_00775,48.06126
test_00776,103.16646
test_00777,68.6975
test_00778,81.70341
test_00779,79.6843
test_00780,51.152622
test_00781,105.23523
test_00782,49.08086
test_00783,8.4178705
test_00784,15.360586
test_00785,27.929766
test_00786,29.091627
test_00787,11.938927
test_00788,18.25554
test_00789,15.138154
test_00790,20.398592
test_00791,42.902237
test_00792,150.91438
test_00793,50.588417
test_00794,49.536476
test_00795,16.518772
test_00796,11.824026
test_00797,19.59365
test_00798,39.325474
test_00799,67.21723
test_00800,72.9861
test_00801,117.50521
test_00802,8.916581
test_00803,12.219058
test_00804,24.124886
test_00805,82.64715
test_00806,58.074238
test_00807,87.058365
test_00808,60.69249
test_00809,94.59196
test_00810,71.02491
test_00811,99.78014
test_00812,61.34133
test_00813,37.647182
test_00814,9.83812
test_00815,45.457645
test_00816,15.94876
test_00817,21.74364
test_00818,65.99024
test_00819,102.59304
test_00820,33.02136
test_00821,8.7192745
test_00822,14.951299
test_00823,96.929245
test_00824,157.8514
test_00825,72.99146
test_00826,11.170042
test_00827,30.138414
test_00828,13.445005
test_00829,65.8394
test_00830,138.85918
test_00831,41.38039
test_00832,37.108486
test_00833,57.048824
test_00834,28.07226
test_00835,42.02372
test_00836,62.78182
test_00837,95.03769
test_00838,16.762756
test_00839,33.37405
test_00840,45.242157
test_00841,108.27532
test_00842,111.88444
test_00843,17.961424
test_00844,20.405218
test_00845,11.567894
test_00846,11.238177
test_00847,27.52704
test_00848,51.94545
test_00849,41.55433
test_00850,15.858707
test_00851,33.37169
test_00852,48.767693
test_00853,37.296528
test_00854,59.677174
test_00855,44.499172
test_00856,6.416048
test_00857,11.041856
test_00858,6.7841225
test_00859,9.564388
test_00860,15.641973
test_00861,14.30327
test_00862,6.3306456
test_00863,11.256793
test_00864,11.653893
test_00865,124.91735
test_00866,24.991413
test_00867,9.564516
test_00868,49.79161
test_00869,61.58397
test_00870,11.77457
test_00871,14.416184
test_00872,17.940472
test_00873,21.62258
test_00874,116.0967
test_00875,24.058786
test_00876,38.08492
test_00877,18.33773
test_00878,20.916998
test_00879,8.744105
test_00880,10.029907
test_00881,73.35297
test_00882,23.924511
test_00883,109.06708
test_00884,15.132684
test_00885,8.108875
test_00886,7.6676517
test_00887,27.263056
test_00888,97.16509
test_00889,164.66736
test_00890,134.90363
test_00891,103.29603
test_00892,35.26999
test_00893,69.188805
test_00894,68.29093
test_00895,35.291737
test_00896,140.59183
test_00897,151.30717
test_00898,11.843451
test_00899,81.45776
test_00900,145.56952
test_00901,91.65421
test_00902,31.360676
test_00903,7.208715
test_00904,17.708126
test_00905,45.2932
test_00906,22.776672
test_00907,34.021004
test_00908,6.420627
test_00909,32.943504
test_00910,6.7159004
test_00911,16.17903
test_00912,61.7672
test_00913,23.061935
test_00914,183.51056
test_00915,262.51294
test_00916,184.87785
test_00917,52.185642
test_00918,8.309694
test_00919,56.693966
test_00920,215.98187
test_00921,16.341436
test_00922,21.852245
test_00923,46.67151
test_00924,28.06241
test_00925,24.521399
test_00926,80.323616
test_00927,110.935425
test_00928,181.43567
test_00929,13.69535
test_00930,57.160576
test_00931,8.489617
test_00932,9.745349
test_00933,7.5747848
test_00934,75.96047
test_00935,115.190636
test_00936,205.1313
test_00937,8.494048
test_00938,71.54542
test_00939,96.434135
test_00940,11.433476
test_00941,16.364656
test_00942,70.93066
test_00943,168.39102
test_00944,133.5298
test_00945,23.22464
test_00946,55.335674
test_00947,140.05602
test_00948,13.324599
test_00949,28.747646
test_00950,62.406673
test_00951,189.74866
test_00952,98.19993
test_00953,11.742333
test_00954,8.058178
test_00955,87.667625
test_00956,135.83858
test_00957,229.73868
test_00958,208.26117
test_00959,368.94736
test_00960,391.0236
test_00961,8.833357
test_00962,43.554226
test_00963,206.46199
test_00964,196.1667
test_00965,13.753079
test_00966,72.82063
test_00967,9.706803
test_00968,58.431194
test_00969,120.6862
test_00970,179.31493
test_00971,15.1658745
test_00972,124.49884
test_00973,70.45958
test_00974,200.75699
test_00975,159.55722
test_00976,204.31241
test_00977,23.064568
test_00978,11.241493
test_00979,12.128055
test_00980,14.49648
test_00981,19.583332
test_00982,11.985085
test_00983,28.86135
test_00984,110.89956
test_00985,125.21698
test_00986,126.92511
test_00987,44.07792
test_00988,7.607776
test_00989,58.5336
test_00990,10.38168
test_00991,35.319534
test_00992,44.35449
test_00993,133.08449
test_00994,190.5277
test_00995,11.497636
test_00996,276.76114
test_00997,8.893289
test_00998,7.635095
test_00999,59.480007
test_01000,8.084436
test_01001,79.03941
test_01002,105.54424
test_01003,228.79814
test_01004,13.431535
test_01005,14.0618925
test_01006,84.67822
test_01007,8.952344
test_01008,8.423364
test_01009,10.43706
test_01010,57.677486
test_01011,84.9128
test_01012,43.4232
test_01013,218.98343
test_01014,241.61072
test_01015,7.2145586
test_01016,54.942513
test_01017,111.72046
test_01018,6.2070293
test_01019,28.15447
test_01020,90.87021
test_01021,10.704822
test_01022,17.79582
test_01023,14.065234
test_01024,28.906532
test_01025,90.154335
test_01026,10.381102
test_01027,197.72678
test_01028,115.619675
test_01029,355.64706
test_01030,71.78784
test_01031,46.843513
test_01032,102.20188
test_01033,8.239895
test_01034,6.4313254
test_01035,9.327297
test_01036,18.498589
test_01037,111.23739
test_01038,10.6760235
test_01039,116.00493
test_01040,291.50735
test_01041,301.89157
test_01042,73.042366
test_01043,50.69556
test_01044,64.853424
test_01045,129.95248
test_01046,56.31672
test_01047,18.216476
test_01048,46.922417
test_01049,14.422514
test_01050,60.66998
test_01051,10.447349
test_01052,12.639758
test_01053,125.8297
test_01054,61.99021
test_01055,8.501405
test_01056,64.83216
test_01057,77.59511
test_01058,99.27497
test_01059,117.859535
test_01060,31.736567
test_01061,21.807121
test_01062,60.59373
test_01063,70.46605
test_01064,46.986282
test_01065,100.93974
test_01066,60.706264
test_01067,44.506832
test_01068,103.88608
test_01069,11.622041
test_01070,22.103794
test_01071,40.208813
test_01072,74.37229
test_01073,92.98784
test_01074,60.587486
test_01075,27.010637
test_01076,79.84927
test_01077,75.55278
test_01078,103.64844
test_01079,102.04927
test_01080,69.36661
test_01081,211.44502
test_01082,36.452465
test_01083,18.381897
test_01084,64.35083
test_01085,45.663235
test_01086,35.27862
test_01087,78.47305
test_01088,25.556059
test_01089,65.44146
test_01090,176.85452
test_01091,36.27551
test_01092,41.880444
test_01093,65.85027
test_01094,49.885273
test_01095,51.54129
test_01096,55.564877
test_01097,88.15943
test_01098,138.85713
test_01099,87.38712
test_01100,73.62354
test_01101,88.25599
test_01102,59.674797
test_01103,11.723239
test_01104,24.656382
test_01105,82.8085
test_01106,85.29209
test_01107,17.641768
test_01108,99.319626
test_01109,42.94333
test_01110,42.88428
test_01111,49.314796
test_01112,82.58559
test_01113,125.96689
test_01114,93.618996
test_01115,170.79318
test_01116,41.30627
test_01117,14.133735
test_01118,61.688725
test_01119,58.1683
test_01120,60.11602
test_01121,16.44896
test_01122,33.08307
test_01123,31.993773
test_01124,39.85066
test_01125,112.51096
test_01126,92.714836
test_01127,166.91528
test_01128,60.990894
test_01129,154.26323
test_01130,10.126239
test_01131,18.710955
test_01132,30.617449
test_01133,59.855824
test_01134,104.23074
test_01135,116.82882
test_01136,76.66133
test_01137,43.007225
test_01138,49.557552
test_01139,144.69102
test_01140,51.499607
test_01141,89.79067
test_01142,90.104744
test_01143,99.926216
test_01144,97.06477
test_01145,163.45853
test_01146,138.92303
test_01147,25.662432
test_01148,29.886293
test_01149,31.732485
test_01150,38.567177
test_01151,98.62968
test_01152,102.97754
test_01153,99.059265
test_01154,11.589375
test_01155,29.509228
test_01156,70.36003
test_01157,33.50079
test_01158,61.514683
test_01159,111.344894
test_01160,50.21784
test_01161,69.49708
test_01162,176.51805
test_01163,93.19568
test_01164,109.46892
test_01165,79.70394
test_01166,136.99321
test_01167,24.902893
test_01168,49.374016
test_01169,48.054585
test_01170,75.30585
test_01171,76.93605
test_01172,52.94693
test_01173,34.94997
test_01174,17.147379
test_01175,11.582749
test_01176,33.049217
test_01177,92.17273
test_01178,63.49974
test_01179,38.787975
test_01180,79.01254
test_01181,77.385086
test_01182,42.39853
test_01183,86.91402
test_01184,128.9199
test_01185,10.764552
test_01186,34.555225
test_01187,14.777073
test_01188,20.95489
test_01189,32.4991
test_01190,21.427212
test_01191,8.692023
test_01192,12.883616
test_01193,14.434403
test_01194,129.21455
test_01195,30.726446
test_01196,10.358483
test_01197,48.398643
test_01198,12.946435
test_01199,10.929697
test_01200,17.354929
test_01201,34.09033
test_01202,81.29008
test_01203,68.254555
test_01204,80.1009
test_01205,168.63889
test_01206,33.135525
test_01207,31.087757
test_01208,17.890757
test_01209,33.808216
test_01210,50.215225
test_01211,84.362175
test_01212,109.1832
test_01213,31.584059
test_01214,188.09964
test_01215,40.629444
test_01216,9.799713
test_01217,9.761113
test_01218,45.58887
test_01219,92.54906
test_01220,232.24185
test_01221,193.52972
test_01222,102.09698
test_01223,65.41962
test_01224,51.767612
test_01225,54.48865
test_01226,25.232279
test_01227,59.13061
test_01228,174.46626
test_01229,52.620667
test_01230,130.56348
test_01231,304.98428
test_01232,133.87729
test_01233,113.043396
test_01234,54.675823
test_01235,211.43898
test_01236,26.030687
test_01237,44.000267
test_01238,8.785475
test_01239,18.198341
test_01240,54.27937
test_01241,130.23666
test_01242,7.263776
test_01243,8.002836
test_01244,29.824003
test_01245,10.9315195
test_01246,10.6344795
test_01247,78.654076
test_01248,166.10706
test_01249,288.40958
test_01250,265.68604
test_01251,120.168236
test_01252,127.96756
test_01253,11.75628
test_01254,104.03467
test_01255,186.92142
test_01256,95.064896
test_01257,55.59761
test_01258,55.08492
test_01259,13.285327
test_01260,14.3419285
test_01261,87.9711
test_01262,69.75559
test_01263,196.72897
test_01264,26.532982
test_01265,79.2647
test_01266,8.934724
test_01267,8.350554
test_01268,31.925333
test_01269,98.91881
test_01270,192.39777
test_01271,285.88287
test_01272,16.56281
test_01273,146.89842
test_01274,153.88142
test_01275,9.697955
test_01276,123.485794
test_01277,200.0076
test_01278,520.4535
test_01279,72.1415
test_01280,40.68634
test_01281,116.27093
test_01282,229.71063
test_01283,8.231022
test_01284,15.742078
test_01285,211.43515
test_01286,234.31622
test_01287,10.119605
test_01288,11.568933
test_01289,8.667277
test_01290,97.2672
test_01291,278.4998
test_01292,206.91122
test_01293,239.40695
test_01294,436.42014
test_01295,471.2347
test_01296,15.8229265
test_01297,95.090965
test_01298,150.0057
test_01299,170.97041
test_01300,9.45981
test_01301,156.31299
test_01302,12.034783
test_01303,386.93393
test_01304,362.77383
test_01305,369.3324
test_01306,91.68722
test_01307,335.99564
test_01308,348.75702
test_01309,277.04333
test_01310,162.06076
test_01311,124.11582
test_01312,18.478884
test_01313,14.928141
test_01314,7.512882
test_01315,51.97363
test_01316,86.679306
test_01317,10.135466
test_01318,36.78304
test_01319,93.16476
test_01320,138.94221
test_01321,188.6726
test_01322,68.36356
test_01323,7.7423024
test_01324,76.74199
test_01325,13.837632
test_01326,32.18936
test_01327,98.89755
test_01328,144.59816
test_01329,302.23788
test_01330,12.083673
test_01331,519.2808
test_01332,10.8260145
test_01333,9.659751
test_01334,67.71356
test_01335,7.2284184
test_01336,89.722115
test_01337,314.64636
test_01338,9.443347
test_01339,11.74838
test_01340,66.400406
test_01341,12.952581
test_01342,11.695439
test_01343,15.309899
test_01344,142.77188
test_01345,164.31464
test_01346,199.33061
test_01347,267.47177
test_01348,253.35153
test_01349,7.258334
test_01350,92.632095
test_01351,165.62047
test_01352,6.2944746
test_01353,69.96285
test_01354,94.056496
test_01355,11.335446
test_01356,20.34393
test_01357,11.4822035
test_01358,22.505571
test_01359,111.14189
test_01360,8.541589
test_01361,168.44908
test_01362,140.89684
test_01363,366.60104
test_01364,88.31289
test_01365,57.340164
test_01366,77.530045
test_01367,7.4383855
test_01368,6.6309357
test_01369,8.419194
test_01370,13.639473
test_01371,105.351364
test_01372,10.6384735
test_01373,102.11916
test_01374,274.1635
test_01375,319.21155
test_01376,79.29407
test_01377,49.40568
test_01378,56.27837
test_01379,122.910355
test_01380,61.5894
test_01381,16.494864
test_01382,35.42424
test_01383,40.93762
test_01384,15.814135
test_01385,50.288383
test_01386,9.676002
test_01387,10.900035
test_01388,126.44564
test_01389,65.462166
test_01390,8.942788
test_01391,9.990926
test_01392,60.55641
test_01393,108.4009
test_01394,123.14574
test_01395,29.439491
test_01396,18.653437
test_01397,62.732254
test_01398,67.565414
test_01399,84.30945
test_01400,89.3248
test_01401,47.601868
test_01402,90.98382
test_01403,15.220881
test_01404,23.813763
test_01405,44.7245
test_01406,71.68256
test_01407,84.45497
test_01408,49.1569
test_01409,19.48791
test_01410,56.545624
test_01411,63.47006
test_01412,75.42262
test_01413,92.68914
test_01414,130.5995
test_01415,59.67882
test_01416,194.5885
test_01417,199.5336
test_01418,27.884153
test_01419,27.715113
test_01420,62.078815
test_01421,19.909822
test_01422,23.716335
test_01423,64.79882
test_01424,26.165901
test_01425,49.195515
test_01426,185.97879
test_01427,26.056944
test_01428,30.456993
test_01429,64.72538
test_01430,39.049465
test_01431,43.241352
test_01432,52.372288
test_01433,86.65484
test_01434,92.15295
test_01435,88.59486
test_01436,68.420876
test_01437,88.758804
test_01438,58.633354
test_01439,16.040865
test_01440,17.054829
test_01441,54.857956
test_01442,34.569855
test_01443,11.245763
test_01444,95.21536
test_01445,43.554108
test_01446,45.523952
test_01447,50.973248
test_01448,80.34255
test_01449,72.4713
test_01450,96.961716
test_01451,123.12579
test_01452,99.49628
test_01453,193.91971
test_01454,39.275654
test_01455,11.595294
test_01456,71.923874
test_01457,29.99204
test_01458,68.01668
test_01459,16.548141
test_01460,29.494272
test_01461,31.858818
test_01462,38.59442
test_01463,119.837425
test_01464,98.95963
test_01465,168.21465
test_01466,67.9728
test_01467,90.82383
test_01468,9.958061
test_01469,15.406296
test_01470,29.729403
test_01471,63.014927
test_01472,104.96934
test_01473,121.301384
test_01474,88.9504
test_01475,32.832394
test_01476,35.271854
test_01477,115.66249
test_01478,53.3367
test_01479,83.51696
test_01480,106.48762
test_01481,70.22442
test_01482,68.59808
test_01483,133.15976
test_01484,108.06645
test_01485,87.44163
test_01486,18.779745
test_01487,52.033764
test_01488,45.774887
test_01489,37.5042
test_01490,108.93751
test_01491,134.44847
test_01492,77.78933
test_01493,13.686286
test_01494,50.146442
test_01495,120.88662
test_01496,33.695976
test_01497,47.37703
test_01498,17.257334
test_01499,118.05899
test_01500,137.29587
test_01501,58.214016
test_01502,72.55662
test_01503,144.09879
test_01504,70.67667
test_01505,94.368515
test_01506,78.78762
test_01507,111.3371
test_01508,23.1366
test_01509,46.47511
test_01510,51.29842
test_01511,72.7869
test_01512,83.47389
test_01513,71.81583
test_01514,29.037949
test_01515,15.665528
test_01516,10.125986
test_01517,25.528494
test_01518,84.46499
test_01519,61.32427
test_01520,31.273966
test_01521,66.47382
test_01522,72.32993
test_01523,36.914646
test_01524,114.429436
test_01525,133.26845
test_01526,8.554925
test_01527,32.226307
test_01528,10.88469
test_01529,21.38255
test_01530,25.06958
test_01531,20.589357
test_01532,10.246835
test_01533,20.114685
test_01534,19.146158
test_01535,134.13295
test_01536,24.420847
test_01537,16.928284
test_01538,53.272636
test_01539,17.857656
test_01540,8.575873
test_01541,11.770452
test_01542,38.518486
test_01543,37.957268
test_01544,77.69206
test_01545,56.369488
test_01546,159.80115
test_01547,36.231113
test_01548,25.803785
test_01549,13.718705
test_01550,25.607405
test_01551,48.000614
test_01552,98.776405
test_01553,79.87093
test_01554,29.449734
test_01555,178.8798
test_01556,25.232893
test_01557,9.103639
test_01558,12.484979
test_01559,36.579132
test_01560,92.19617
test_01561,199.26492
test_01562,171.18979
test_01563,90.400055
test_01564,38.38854
test_01565,63.92819
test_01566,49.68536
test_01567,55.40006
test_01568,17.879469
test_01569,47.85001
test_01570,166.71985
test_01571,55.497387
test_01572,125.28756
test_01573,249.14612
test_01574,269.3329
test_01575,126.95297
test_01576,128.0609
test_01577,80.80714
test_01578,237.97774
test_01579,35.48254
test_01580,37.4732
test_01581,7.713123
test_01582,20.04828
test_01583,81.25827
test_01584,112.647896
test_01585,10.999738
test_01586,54.112568
test_01587,13.652495
test_01588,28.581404
test_01589,11.279956
test_01590,9.23177
test_01591,74.262596
test_01592,148.17073
test_01593,264.05664
test_01594,229.79028
test_01595,117.37278
test_01596,129.8678
test_01597,11.732101
test_01598,100.594284
test_01599,206.04666
test_01600,123.053665
test_01601,76.61699
test_01602,61.081245
test_01603,24.867634
test_01604,12.673688
test_01605,77.59033
test_01606,62.6665
test_01607,192.97435
test_01608,37.815216
test_01609,71.19037
test_01610,8.929345
test_01611,7.807588
test_01612,19.622051
test_01613,95.19132
test_01614,197.60448
test_01615,292.67004
test_01616,17.568754
test_01617,108.4608
test_01618,137.90924
test_01619,8.524463
test_01620,138.08662
test_01621,170.27534
test_01622,451.39618
test_01623,86.64021
test_01624,33.03478
test_01625,121.717445
test_01626,197.79233
test_01627,8.044443
test_01628,20.336285
test_01629,150.55144
test_01630,221.19865
test_01631,9.844515
test_01632,14.695996
test_01633,11.038005
test_01634,83.064575
test_01635,256.31717
test_01636,223.50575
test_01637,197.1228
test_01638,357.70178
test_01639,517.9085
test_01640,14.570076
test_01641,85.97628
test_01642,178.57762
test_01643,169.98962
test_01644,11.581875
test_01645,163.08679
test_01646,10.080912
test_01647,337.62473
test_01648,256.45267
test_01649,402.04807
test_01650,122.12513
test_01651,273.08035
test_01652,262.58194
test_01653,173.88077
test_01654,121.59093
test_01655,25.769827
test_01656,10.035936
test_01657,7.8279676
test_01658,69.51571
test_01659,91.71213
test_01660,10.116423
test_01661,32.186802
test_01662,85.907234
test_01663,119.35418
test_01664,180.35994
test_01665,47.0274
test_01666,7.3857837
test_01667,64.71064
test_01668,9.614972
test_01669,19.712135
test_01670,72.094444
test_01671,172.9357
test_01672,269.5247
test_01673,6.7004867
test_01674,503.8519
test_01675,10.945417
test_01676,9.586205
test_01677,60.366783
test_01678,7.3682165
test_01679,52.39699
test_01680,81.66129
test_01681,10.222512
test_01682,9.032505
test_01683,61.42419
test_01684,11.591905
test_01685,9.054871
test_01686,12.323528
test_01687,123.25976
test_01688,145.94884
test_01689,164.1827
test_01690,245.45923
test_01691,280.25583
test_01692,6.976948
test_01693,83.81765
test_01694,140.39105
test_01695,5.8895025
test_01696,69.343544
test_01697,78.13499
test_01698,18.032759
test_01699,32.802464
test_01700,9.839667
test_01701,20.663857
test_01702,68.10098
test_01703,11.063584
test_01704,157.79834
test_01705,186.17178
test_01706,337.78424
test_01707,88.847885
test_01708,58.52386
test_01709,50.787945
test_01710,7.1730213
test_01711,6.8041964
test_01712,8.441923
test_01713,13.702855
test_01714,93.475334
test_01715,8.353573
test_01716,114.63081
test_01717,264.02774
test_01718,365.66623
test_01719,99.25109
test_01720,57.91825
test_01721,58.98895
test_01722,121.34386
test_01723,65.577065
test_01724,11.32034
test_01725,38.832558
test_01726,58.062176
test_01727,12.191318
test_01728,70.72165
test_01729,8.451803
test_01730,10.027469
test_01731,91.03024
test_01732,68.3691
test_01733,7.1733785
test_01734,10.740089
test_01735,66.66213
test_01736,130.3057
test_01737,82.39282
test_01738,19.973621
test_01739,19.699852
test_01740,55.632565
test_01741,63.59067
test_01742,47.731983
test_01743,136.9465
test_01744,115.340096
test_01745,77.954475
test_01746,97.535255
test_01747,17.822561
test_01748,41.01854
test_01749,50.56396
test_01750,73.5399
test_01751,90.68455
test_01752,25.275822
test_01753,12.671685
test_01754,63.6161
test_01755,58.499252
test_01756,77.75737
test_01757,76.10725
test_01758,69.55569
test_01759,45.7333
test_01760,236.73373
test_01761,209.4782
test_01762,18.768454
test_01763,13.362916
test_01764,28.471582
test_01765,49.939297
test_01766,13.079257
test_01767,24.555748
test_01768,60.823555
test_01769,26.948011
test_01770,57.919735
test_01771,200.9231
test_01772,27.121529
test_01773,42.66805
test_01774,64.57689
test_01775,53.151592
test_01776,46.80529
test_01777,58.408707
test_01778,95.9626
test_01779,101.68764
test_01780,88.1463
test_01781,43.74028
test_01782,85.01676
test_01783,29.82844
test_01784,10.704152
test_01785,14.5837555
test_01786,62.765285
test_01787,22.716677
test_01788,95.08996
test_01789,40.664005
test_01790,43.475086
test_01791,62.73553
test_01792,55.953003
test_01793,70.30061
test_01794,116.971436
test_01795,92.213524
test_01796,244.66785
test_01797,47.30141
test_01798,10.330984
test_01799,43.19478
test_01800,23.487194
test_01801,57.94269
test_01802,9.792631
test_01803,31.499899
test_01804,30.143593
test_01805,39.361057
test_01806,84.69021
test_01807,110.19213
test_01808,108.037476
test_01809,85.84443
test_01810,21.48277
test_01811,11.297696
test_01812,13.345058
test_01813,41.324596
test_01814,96.55331
test_01815,101.59015
test_01816,110.04645
test_01817,55.656605
test_01818,31.75868
test_01819,43.44884
test_01820,106.84325
test_01821,55.786957
test_01822,102.16219
test_01823,91.44812
test_01824,65.68729
test_01825,105.49996
test_01826,118.08257
test_01827,89.06274
test_01828,71.923584
test_01829,16.658915
test_01830,48.547035
test_01831,26.448019
test_01832,31.17466
test_01833,77.91996
test_01834,106.03423
test_01835,54.934372
test_01836,9.363446
test_01837,22.696075
test_01838,55.300823
test_01839,148.38986
test_01840,132.69363
test_01841,35.9652
test_01842,38.01874
test_01843,16.34377
test_01844,80.52593
test_01845,113.50417
test_01846,53.725327
test_01847,81.17368
test_01848,62.313732
test_01849,26.040281
test_01850,37.02586
test_01851,78.73087
test_01852,93.75631
test_01853,19.847897
test_01854,42.576183
test_01855,46.19903
test_01856,61.686913
test_01857,108.557594
test_01858,50.093563
test_01859,39.844463
test_01860,16.348814
test_01861,11.3715315
test_01862,25.962881
test_01863,71.28556
test_01864,63.31479
test_01865,24.768244
test_01866,65.669334
test_01867,80.25054
test_01868,49.41649
test_01869,99.20589
test_01870,85.11652
test_01871,5.8730946
test_01872,9.099558
test_01873,10.093641
test_01874,13.402788
test_01875,26.491093
test_01876,15.102351
test_01877,6.5932655
test_01878,22.220783
test_01879,14.717164
test_01880,132.79529
test_01881,15.066773
test_01882,57.85867
test_01883,9.892799
test_01884,8.030264
test_01885,13.067304
test_01886,31.784756
test_01887,39.192844
test_01888,93.75359
test_01889,38.83337
test_01890,171.82751
test_01891,72.78028
test_01892,20.421843
test_01893,15.819024
test_01894,23.024391
test_01895,87.63177
test_01896,77.66739
test_01897,101.10912
test_01898,218.99806
test_01899,25.582668
test_01900,10.006432
test_01901,8.584583
test_01902,193.922
test_01903,189.55196
test_01904,85.24273
test_01905,30.48599
test_01906,62.30392
test_01907,55.52808
test_01908,47.795307
test_01909,35.881176
test_01910,85.95109
test_01911,157.8395
test_01912,74.998856
test_01913,122.182495
test_01914,194.87929
test_01915,250.21727
test_01916,145.81258
test_01917,99.51789
test_01918,86.79234
test_01919,201.45552
test_01920,57.10397
test_01921,53.637157
test_01922,14.589656
test_01923,18.165064
test_01924,31.720474
test_01925,97.71465
test_01926,11.55774
test_01927,36.889065
test_01928,7.2677927
test_01929,27.624111
test_01930,10.528096
test_01931,9.581605
test_01932,76.578804
test_01933,134.38353
test_01934,312.213
test_01935,231.97292
test_01936,85.331024
test_01937,116.692345
test_01938,8.814939
test_01939,102.2953
test_01940,211.7418
test_01941,46.880947
test_01942,74.61027
test_01943,52.021976
test_01944,12.024482
test_01945,16.266344
test_01946,77.96731
test_01947,72.12919
test_01948,164.2871
test_01949,16.420835
test_01950,55.512966
test_01951,7.39974
test_01952,6.8348064
test_01953,12.479959
test_01954,92.59656
test_01955,173.85442
test_01956,437.01282
test_01957,17.32315
test_01958,112.48198
test_01959,141.55702
test_01960,9.966614
test_01961,67.06078
test_01962,93.069244
test_01963,356.6658
test_01964,141.28217
test_01965,40.171753
test_01966,71.32457
test_01967,182.99309
test_01968,6.926456
test_01969,20.28127
test_01970,106.793594
test_01971,234.64929
test_01972,10.033128
test_01973,7.0174336
test_01974,94.35281
test_01975,157.66235
test_01976,262.4136
test_01977,207.92741
test_01978,508.9809
test_01979,452.36676
test_01980,8.421603
test_01981,96.405075
test_01982,161.68123
test_01983,160.23732
test_01984,13.261285
test_01985,182.6809
test_01986,9.639297
test_01987,63.35728
test_01988,177.80724
test_01989,396.39285
test_01990,11.758837
test_01991,191.8588
test_01992,388.27017
test_01993,252.39665
test_01994,160.66624
test_01995,244.2302
test_01996,17.60174
test_01997,17.952436
test_01998,7.361415
test_01999,59.11601
test_02000,99.4753
test_02001,7.9257555
test_02002,31.900549
test_02003,95.57489
test_02004,127.564835
test_02005,177.15285
test_02006,70.290306
test_02007,6.213426
test_02008,67.23735
test_02009,16.354471
test_02010,19.214256
test_02011,36.561024
test_02012,79.7215
test_02013,220.44446
test_02014,5.522271
test_02015,475.59848
test_02016,9.02069
test_02017,10.253667
test_02018,68.06958
test_02019,7.4851756
test_02020,63.920406
test_02021,103.89323
test_02022,265.3328
test_02023,8.194552
test_02024,17.169706
test_02025,81.75155
test_02026,10.212131
test_02027,7.6793385
test_02028,10.788298
test_02029,169.28905
test_02030,189.38591
test_02031,115.52585
test_02032,219.44284
test_02033,286.9704
test_02034,7.3560038
test_02035,75.19652
test_02036,131.20932
test_02037,7.0337095
test_02038,77.83893
test_02039,99.769936
test_02040,22.023321
test_02041,30.24874
test_02042,10.371401
test_02043,27.04432
test_02044,73.83524
test_02045,8.147498
test_02046,123.45655
test_02047,133.20078
test_02048,308.09396
test_02049,46.754986
test_02050,29.325222
test_02051,98.35525
test_02052,8.421361
test_02053,7.9610467
test_02054,8.891253
test_02055,16.745884
test_02056,80.33641
test_02057,11.288568
test_02058,72.55319
test_02059,207.9235
test_02060,276.74805
test_02061,35.39919
test_02062,57.661816
test_02063,39.135868
test_02064,128.53134
test_02065,60.02049
test_02066,10.664559
test_02067,21.266132
test_02068,18.055588
test_02069,10.360793
test_02070,22.39564
test_02071,9.626995
test_02072,7.634034
test_02073,55.553402
test_02074,72.93627
test_02075,10.496658
test_02076,11.363912
test_02077,86.89744
test_02078,89.99243
test_02079,16.57173
test_02080,11.612969
test_02081,55.57118
test_02082,57.247307
test_02083,41.024433
test_02084,76.14757
test_02085,44.829456
test_02086,52.985844
test_02087,84.33935
test_02088,14.73092
test_02089,21.433178
test_02090,27.261293
test_02091,46.269085
test_02092,66.92662
test_02093,41.64825
test_02094,13.030912
test_02095,29.392143
test_02096,59.551773
test_02097,70.30837
test_02098,59.57227
test_02099,60.851368
test_02100,39.64974
test_02101,133.99335
test_02102,176.6242
test_02103,43.954956
test_02104,10.117316
test_02105,66.86108
test_02106,56.844288
test_02107,28.22637
test_02108,33.91502
test_02109,51.01141
test_02110,25.050095
test_02111,92.48962
test_02112,110.8034
test_02113,16.999731
test_02114,34.17625
test_02115,67.68618
test_02116,11.635902
test_02117,21.280647
test_02118,70.99582
test_02119,104.58594
test_02120,76.61125
test_02121,53.282192
test_02122,38.81648
test_02123,54.89677
test_02124,15.180419
test_02125,10.543628
test_02126,17.484116
test_02127,72.692345
test_02128,62.74539
test_02129,18.23244
test_02130,68.6085
test_02131,31.459213
test_02132,36.942375
test_02133,52.14027
test_02134,52.837955
test_02135,89.84333
test_02136,53.995876
test_02137,41.731823
test_02138,70.94525
test_02139,74.89428
test_02140,40.64594
test_02141,8.531033
test_02142,56.88562
test_02143,21.652136
test_02144,36.92967
test_02145,14.20705
test_02146,15.3680525
test_02147,17.56024
test_02148,19.247534
test_02149,58.496662
test_02150,73.88291
test_02151,113.60629
test_02152,41.58165
test_02153,40.722076
test_02154,14.552314
test_02155,17.338297
test_02156,80.98178
test_02157,55.3336
test_02158,40.220673
test_02159,108.82717
test_02160,33.720203
test_02161,14.655348
test_02162,53.04962
test_02163,64.97338
test_02164,39.286003
test_02165,86.72489
test_02166,111.75991
test_02167,64.22542
test_02168,47.7355
test_02169,122.52811
test_02170,105.71664
test_02171,85.28612
test_02172,10.508165
test_02173,38.012367
test_02174,32.175415
test_02175,19.677763
test_02176,44.35301
test_02177,85.58471
test_02178,67.86967
test_02179,9.368555
test_02180,12.293037
test_02181,76.9319
test_02182,97.92355
test_02183,107.94854
test_02184,34.17635
test_02185,28.195133
test_02186,22.430119
test_02187,181.18387
test_02188,45.171555
test_02189,36.18796
test_02190,48.282375
test_02191,33.041756
test_02192,60.363087
test_02193,67.0511
test_02194,95.93256
test_02195,14.219274
test_02196,18.28414
test_02197,29.027882
test_02198,129.89253
test_02199,116.12002
test_02200,14.963581
test_02201,15.495613
test_02202,11.983705
test_02203,13.163859
test_02204,26.408598
test_02205,54.33446
test_02206,51.537025
test_02207,17.120014
test_02208,45.822712
test_02209,61.162037
test_02210,45.336964
test_02211,63.70241
test_02212,89.202805
test_02213,10.045769
test_02214,12.734515
test_02215,10.826201
test_02216,11.512072
test_02217,19.311327
test_02218,17.905788
test_02219,8.77886
test_02220,12.720815
test_02221,12.892643
test_02222,111.93595
test_02223,32.786366
test_02224,12.154459
test_02225,38.859203
test_02226,14.453522
test_02227,9.391354
test_02228,11.487927
test_02229,19.341263
test_02230,31.534986
test_02231,104.25333
test_02232,77.59606
test_02233,46.39426
test_02234,21.534742
test_02235,16.384394
test_02236,11.628346
test_02237,17.87419
test_02238,76.36908
test_02239,133.10812
test_02240,15.153424
test_02241,126.1666
test_02242,18.265162
test_02243,8.265421
test_02244,7.9055552
test_02245,19.655216
test_02246,200.61693
test_02247,144.39262
test_02248,50.15038
test_02249,33.565662
test_02250,76.8713
test_02251,81.11681
test_02252,42.8591
test_02253,13.003643
test_02254,61.16821
test_02255,117.55253
test_02256,72.463264
test_02257,103.944626
test_02258,146.29631
test_02259,250.58218
test_02260,97.03971
test_02261,69.22653
test_02262,54.717037
test_02263,163.08286
test_02264,120.54949
test_02265,34.62499
test_02266,7.575054
test_02267,17.506126
test_02268,21.905157
test_02269,7.871938
test_02270,34.534218
test_02271,6.0579214
test_02272,31.253805
test_02273,9.154521
test_02274,10.176928
test_02275,69.02005
test_02276,132.58821
test_02277,293.0731
test_02278,219.56021
test_02279,160.3495
test_02280,70.51798
test_02281,13.371682
test_02282,44.07516
test_02283,159.70804
test_02284,74.83607
test_02285,64.17247
test_02286,48.579998
test_02287,50.897476
test_02288,11.864892
test_02289,65.46526
test_02290,130.19841
test_02291,176.8533
test_02292,23.639994
test_02293,46.508965
test_02294,8.272677
test_02295,10.138276
test_02296,10.483806
test_02297,81.989845
test_02298,92.69371
test_02299,189.11606
test_02300,35.7912
test_02301,50.072323
test_02302,80.257706
test_02303,8.401879
test_02304,30.983017
test_02305,62.155937
test_02306,283.67084
test_02307,100.73881
test_02308,12.287244
test_02309,43.016445
test_02310,125.74876
test_02311,13.391353
test_02312,13.283128
test_02313,44.556026
test_02314,195.05
test_02315,10.103274
test_02316,13.283973
test_02317,8.411455
test_02318,23.924267
test_02319,69.46022
test_02320,100.30608
test_02321,74.73458
test_02322,379.13107
test_02323,386.79294
test_02324,9.497803
test_02325,32.85554
test_02326,139.68724
test_02327,151.3319
test_02328,16.548624
test_02329,53.98304
test_02330,21.519669
test_02331,39.81748
test_02332,120.81366
test_02333,306.39212
test_02334,267.1805
test_02335,140.8755
test_02336,82.86628
test_02337,249.54594
test_02338,131.44888
test_02339,141.69725
test_02340,34.221607
test_02341,13.540596
test_02342,7.3699946
test_02343,50.648914
test_02344,20.702269
test_02345,16.406292
test_02346,13.049034
test_02347,83.477356
test_02348,141.59453
test_02349,150.10669
test_02350,35.640106
test_02351,7.150733
test_02352,35.171585
test_02353,10.492321
test_02354,10.3994
test_02355,20.613173
test_02356,83.492004
test_02357,179.20084
test_02358,5.741242
test_02359,211.80441
test_02360,8.890234
test_02361,11.659904
test_02362,66.28958
test_02363,8.312215
test_02364,31.35817
test_02365,50.461212
test_02366,230.52531
test_02367,10.6725025
test_02368,9.692109
test_02369,79.38318
test_02370,7.531776
test_02371,7.403533
test_02372,9.6252
test_02373,141.2688
test_02374,84.678154
test_02375,121.911766
test_02376,214.41507
test_02377,235.66339
test_02378,6.223021
test_02379,28.162527
test_02380,101.694115
test_02381,6.098143
test_02382,73.530014
test_02383,93.74673
test_02384,16.194212
test_02385,20.31464
test_02386,33.027683
test_02387,18.435986
test_02388,54.561493
test_02389,11.272316
test_02390,201.99115
test_02391,121.184
test_02392,396.92618
test_02393,72.565636
test_02394,49.845013
test_02395,121.64623
test_02396,8.993749
test_02397,6.867094
test_02398,10.343488
test_02399,18.919426
test_02400,94.75468
test_02401,9.640296
test_02402,122.19355
test_02403,269.99216
test_02404,285.04095
test_02405,70.92203
test_02406,49.072094
test_02407,58.608273
test_02408,124.68478
test_02409,50.742702
test_02410,19.294157
test_02411,34.304985
test_02412,36.501293
test_02413,12.517007
test_02414,54.263588
test_02415,9.069868
test_02416,9.710882
test_02417,118.58035
test_02418,83.22038
test_02419,7.9318037
test_02420,16.87279
test_02421,67.65264
test_02422,87.18585
test_02423,104.00782
test_02424,22.767418
test_02425,13.646206
test_02426,55.890533
test_02427,65.78932
test_02428,42.255844
test_02429,86.565765
test_02430,57.25368
test_02431,45.051685
test_02432,85.487854
test_02433,10.189008
test_02434,19.026493
test_02435,35.397808
test_02436,59.562477
test_02437,79.196815
test_02438,60.329582
test_02439,29.231785
test_02440,70.94128
test_02441,63.394733
test_02442,83.13921
test_02443,91.26208
test_02444,100.43321
test_02445,67.90039
test_02446,133.50034
test_02447,191.10606
test_02448,38.414185
test_02449,10.658911
test_02450,29.761986
test_02451,47.4143
test_02452,17.678415
test_02453,35.401527
test_02454,84.29753
test_02455,22.770954
test_02456,38.676865
test_02457,144.8543
test_02458,21.010038
test_02459,34.417423
test_02460,57.571888
test_02461,35.961147
test_02462,44.471886
test_02463,48.88811
test_02464,80.27332
test_02465,126.7884
test_02466,90.71139
test_02467,76.10763
test_02468,81.84224
test_02469,46.78245
test_02470,12.852472
test_02471,19.887054
test_02472,88.19178
test_02473,34.043297
test_02474,10.363099
test_02475,97.713844
test_02476,43.650806
test_02477,33.711033
test_02478,47.423363
test_02479,96.03442
test_02480,70.12479
test_02481,60.674824
test_02482,127.02486
test_02483,91.350136
test_02484,163.38318
test_02485,35.882442
test_02486,10.425711
test_02487,63.44699
test_02488,64.10042
test_02489,62.49684
test_02490,14.585049
test_02491,28.396776
test_02492,34.90421
test_02493,49.167393
test_02494,125.101494
test_02495,84.2431
test_02496,174.63837
test_02497,62.14963
test_02498,154.3756
test_02499,12.292474
test_02500,17.745811
test_02501,30.9898
test_02502,60.076496
test_02503,94.961205
test_02504,105.48068
test_02505,47.701237
test_02506,39.829216
test_02507,46.607964
test_02508,137.21371
test_02509,64.32322
test_02510,87.14844
test_02511,78.601395
test_02512,62.953533
test_02513,72.51862
test_02514,118.69541
test_02515,87.584755
test_02516,66.64036
test_02517,20.906769
test_02518,62.71382
test_02519,35.74086
test_02520,33.388134
test_02521,93.17623
test_02522,91.21549
test_02523,92.462875
test_02524,11.47589
test_02525,34.975994
test_02526,65.51477
test_02527,136.74089
test_02528,123.398346
test_02529,24.656023
test_02530,41.68722
test_02531,17.474638
test_02532,129.27995
test_02533,119.51694
test_02534,34.975613
test_02535,59.24778
test_02536,169.83463
test_02537,94.09585
test_02538,106.785614
test_02539,72.90187
test_02540,137.23842
test_02541,21.148684
test_02542,43.27342
test_02543,63.589947
test_02544,68.96933
test_02545,82.039764
test_02546,49.75633
test_02547,29.226072
test_02548,16.484234
test_02549,14.7106695
test_02550,30.362396
test_02551,88.53622
test_02552,55.618645
test_02553,32.771214
test_02554,67.13688
test_02555,67.73524
test_02556,43.231625
test_02557,85.90893
test_02558,98.40702
test_02559,9.454211
test_02560,36.80737
test_02561,14.481645
test_02562,26.327991
test_02563,43.31252
test_02564,24.820951
test_02565,10.360343
test_02566,11.229939
test_02567,14.160284
test_02568,127.18542
test_02569,35.67795
test_02570,10.653868
test_02571,40.14528
test_02572,10.426817
test_02573,7.921281
test_02574,12.631998
test_02575,34.282124
test_02576,43.425144
test_02577,65.6164
test_02578,52.92911
test_02579,166.59738
test_02580,32.513073
test_02581,24.578905
test_02582,13.124962
test_02583,42.9699
test_02584,61.256626
test_02585,90.567184
test_02586,83.07415
test_02587,24.757113
test_02588,193.67128
test_02589,33.309204
test_02590,9.798642
test_02591,9.135623
test_02592,49.273163
test_02593,85.37076
test_02594,221.89124
test_02595,189.31798
test_02596,88.813675
test_02597,43.05113
test_02598,63.223866
test_02599,58.847607
test_02600,49.484367
test_02601,14.874759
test_02602,53.266605
test_02603,154.83711
test_02604,56.267532
test_02605,136.59048
test_02606,258.26443
test_02607,115.79683
test_02608,104.70467
test_02609,41.261627
test_02610,150.97232
test_02611,26.763073
test_02612,42.767933
test_02613,9.178826
test_02614,27.029346
test_02615,58.803867
test_02616,113.84508
test_02617,7.470936
test_02618,71.78396
test_02619,8.065618
test_02620,31.8296
test_02621,11.5239
test_02622,12.854547
test_02623,77.29587
test_02624,161.20364
test_02625,303.30408
test_02626,258.71066
test_02627,123.17455
test_02628,110.84828
test_02629,10.23373
test_02630,95.05253
test_02631,228.53023
test_02632,31.11308
test_02633,66.7327
test_02634,59.402424
test_02635,14.088005
test_02636,15.863292
test_02637,93.42577
test_02638,63.80871
test_02639,185.57298
test_02640,24.661861
test_02641,78.80299
test_02642,9.393953
test_02643,8.900367
test_02644,13.7113285
test_02645,85.11442
test_02646,204.42757
test_02647,247.79007
test_02648,17.657152
test_02649,152.945
test_02650,109.52147
test_02651,9.718041
test_02652,129.2578
test_02653,225.97345
test_02654,498.3801
test_02655,57.586708
test_02656,41.25148
test_02657,131.83365
test_02658,221.34546
test_02659,9.323184
test_02660,19.598146
test_02661,179.67462
test_02662,225.43784
test_02663,10.218663
test_02664,11.330776
test_02665,8.550156
test_02666,87.081276
test_02667,261.33502
test_02668,200.89873
test_02669,258.4665
test_02670,362.46133
test_02671,400.0255
test_02672,13.358314
test_02673,90.12312
test_02674,142.04765
test_02675,189.40634
test_02676,14.75705
test_02677,138.493
test_02678,13.800114
test_02679,381.06833
test_02680,347.35046
test_02681,126.35359
test_02682,333.03018
test_02683,464.84262
test_02684,266.46875
test_02685,240.29791
test_02686,162.58162
test_02687,17.313059
test_02688,11.136588
test_02689,8.606315
test_02690,18.938074
test_02691,53.864983
test_02692,9.059446
test_02693,32.329002
test_02694,67.53121
test_02695,137.1534
test_02696,184.79106
test_02697,61.43101
test_02698,7.490982
test_02699,65.48916
test_02700,10.117091
test_02701,21.575338
test_02702,133.85376
test_02703,197.2167
test_02704,317.84027
test_02705,9.001678
test_02706,329.08722
test_02707,10.9359
test_02708,7.9304833
test_02709,93.084984
test_02710,7.3370843
test_02711,39.80347
test_02712,75.15011
test_02713,277.2225
test_02714,8.575965
test_02715,11.937014
test_02716,50.52482
test_02717,7.94755
test_02718,8.548678
test_02719,10.367702
test_02720,91.353905
test_02721,139.27039
test_02722,181.15561
test_02723,253.95172
test_02724,287.90646
test_02725,7.251265
test_02726,85.49343
test_02727,182.20708
test_02728,7.6381025
test_02729,69.863075
test_02730,15.160417
test_02731,37.00762
test_02732,19.144316
test_02733,22.320286
test_02734,113.22938
test_02735,7.770217
test_02736,202.70863
test_02737,414.44373
test_02738,59.819035
test_02739,33.568874
test_02740,122.221115
test_02741,7.141267
test_02742,7.9537034
test_02743,12.339075
test_02744,8.824682
test_02745,210.83543
test_02746,69.09041
test_02747,315.57666
test_02748,273.70538
test_02749,56.482105
test_02750,46.933125
test_02751,43.30488
test_02752,129.60864
test_02753,62.97881
test_02754,16.003849
test_02755,40.114014
test_02756,73.798294
test_02757,17.960627
test_02758,58.927998
test_02759,8.005517
test_02760,9.683823
test_02761,112.57091
test_02762,125.973915
test_02763,16.088516
test_02764,17.34435
test_02765,72.45912
test_02766,80.57968
test_02767,52.59474
test_02768,9.300692
test_02769,94.460625
test_02770,66.51704
test_02771,48.907608
test_02772,107.69238
test_02773,15.252829
test_02774,38.152786
test_02775,108.08224
test_02776,22.967985
test_02777,33.694847
test_02778,52.853992
test_02779,76.99278
test_02780,39.34756
test_02781,15.735646
test_02782,48.082443
test_02783,53.88167
test_02784,68.9085
test_02785,82.94762
test_02786,70.40955
test_02787,54.529095
test_02788,163.00616
test_02789,204.21587
test_02790,66.702866
test_02791,46.28199
test_02792,12.728026
test_02793,19.122591
test_02794,49.01417
test_02795,16.045599
test_02796,38.149506
test_02797,125.854454
test_02798,26.135605
test_02799,38.85774
test_02800,69.72534
test_02801,28.221346
test_02802,46.01721
test_02803,46.615383
test_02804,81.79674
test_02805,103.88927
test_02806,56.65936
test_02807,40.148064
test_02808,62.106968
test_02809,21.990843
test_02810,84.39276
test_02811,13.463785
test_02812,102.767815
test_02813,44.038696
test_02814,11.822689
test_02815,80.91919
test_02816,38.964924
test_02817,30.547762
test_02818,40.09816
test_02819,71.25813
test_02820,100.832344
test_02821,43.288906
test_02822,146.2401
test_02823,79.01327
test_02824,165.76959
test_02825,34.63742
test_02826,7.922987
test_02827,67.68155
test_02828,30.450039
test_02829,53.865566
test_02830,16.098013
test_02831,14.870408
test_02832,22.073109
test_02833,23.770958
test_02834,70.67261
test_02835,76.226135
test_02836,147.88501
test_02837,50.83939
test_02838,180.72269
test_02839,13.860717
test_02840,23.539097
test_02841,65.46672
test_02842,86.89005
test_02843,66.204575
test_02844,94.04976
test_02845,42.945354
test_02846,14.564603
test_02847,94.81068
test_02848,118.64255
test_02849,114.35581
test_02850,39.62438
test_02851,55.024387
test_02852,128.43954
test_02853,89.60705
test_02854,89.2904
test_02855,16.26372
test_02856,34.97696
test_02857,32.342854
test_02858,23.721987
test_02859,70.25857
test_02860,75.599304
test_02861,11.372208
test_02862,23.861279
test_02863,72.292656
test_02864,76.44128
test_02865,107.89181
test_02866,35.544533
test_02867,55.445683
test_02868,19.102283
test_02869,97.999596
test_02870,184.13614
test_02871,40.72455
test_02872,53.55909
test_02873,69.680725
test_02874,107.46681
test_02875,171.04488
test_02876,70.26897
test_02877,102.51383
test_02878,16.919613
test_02879,15.317776
test_02880,36.92973
test_02881,81.76815
test_02882,97.63325
test_02883,46.106068
test_02884,20.453508
test_02885,10.444617
test_02886,16.865158
test_02887,41.661217
test_02888,64.46186
test_02889,32.585857
test_02890,22.333105
test_02891,28.637926
test_02892,53.96571
test_02893,84.13929
test_02894,72.33679
test_02895,153.37582
test_02896,9.167836
test_02897,22.763477
test_02898,8.383017
test_02899,11.516635
test_02900,17.375595
test_02901,24.748669
test_02902,11.307672
test_02903,13.835728
test_02904,11.665331
test_02905,28.315582
test_02906,13.39467
test_02907,34.121235
test_02908,11.237757
test_02909,9.922377
test_02910,10.652763
test_02911,21.980726
test_02912,35.43734
test_02913,90.99053
test_02914,157.89091
test_02915,22.047873
test_02916,17.314356
test_02917,13.544607
test_02918,29.335644
test_02919,37.274174
test_02920,89.15943
test_02921,119.45245
test_02922,14.523379
test_02923,177.14514
test_02924,32.66151
test_02925,9.202284
test_02926,8.832153
test_02927,37.611267
test_02928,71.983055
test_02929,213.1004
test_02930,160.80096
test_02931,38.376602
test_02932,52.92282
test_02933,82.96524
test_02934,89.69197
test_02935,79.64356
test_02936,22.31379
test_02937,43.819008
test_02938,149.42912
test_02939,85.6773
test_02940,120.79714
test_02941,200.53024
test_02942,169.06244
test_02943,141.23892
test_02944,77.13351
test_02945,49.60713
test_02946,156.11598
test_02947,77.20641
test_02948,30.540058
test_02949,7.098543
test_02950,17.5734
test_02951,38.396618
test_02952,60.904644
test_02953,7.903105
test_02954,6.660718
test_02955,23.983316
test_02956,16.766842
test_02957,7.463088
test_02958,73.99819
test_02959,132.6897
test_02960,281.88577
test_02961,145.48277
test_02962,113.72192
test_02963,92.14274
test_02964,8.644008
test_02965,78.45373
test_02966,158.30962
test_02967,93.03807
test_02968,47.915874
test_02969,56.051
test_02970,52.111076
test_02971,10.93386
test_02972,77.12441
test_02973,124.54507
test_02974,164.93298
test_02975,40.04516
test_02976,66.75164
test_02977,8.581577
test_02978,7.4722347
test_02979,9.456548
test_02980,81.9585
test_02981,134.35799
test_02982,202.8108
test_02983,13.271372
test_02984,58.375755
test_02985,109.70166
test_02986,8.341971
test_02987,59.086193
test_02988,132.63911
test_02989,467.36475
test_02990,266.46378
test_02991,51.546204
test_02992,39.91886
test_02993,132.68388
test_02994,12.354341
test_02995,13.269699
test_02996,55.6514
test_02997,187.50421
test_02998,8.349069
test_02999,7.8641853
test_03000,7.072408
test_03001,43.12067
test_03002,211.79254
test_03003,95.121315
test_03004,75.50364
test_03005,362.24734
test_03006,421.44473
test_03007,13.564344
test_03008,54.848145
test_03009,132.03188
test_03010,193.55736
test_03011,10.721206
test_03012,122.52703
test_03013,7.9752254
test_03014,151.72043
test_03015,192.25159
test_03016,379.95737
test_03017,327.62396
test_03018,185.82336
test_03019,292.57968
test_03020,273.88477
test_03021,253.93317
test_03022,171.12329
test_03023,24.779552
test_03024,11.781195
test_03025,10.0887
test_03026,36.13805
test_03027,25.807276
test_03028,8.848783
test_03029,33.335484
test_03030,61.802685
test_03031,118.44073
test_03032,200.89774
test_03033,83.34704
test_03034,7.099726
test_03035,87.532524
test_03036,16.093872
test_03037,13.762727
test_03038,90.74027
test_03039,134.47519
test_03040,229.86934
test_03041,9.341156
test_03042,488.5988
test_03043,10.012482
test_03044,8.725369
test_03045,90.18006
test_03046,8.3285055
test_03047,24.087584
test_03048,76.6123
test_03049,268.9119
test_03050,8.220285
test_03051,14.406533
test_03052,98.082375
test_03053,7.8080573
test_03054,7.538823
test_03055,10.415253
test_03056,65.56539
test_03057,169.91281
test_03058,188.96411
test_03059,275.48105
test_03060,264.35596
test_03061,9.511651
test_03062,75.53536
test_03063,153.35753
test_03064,6.243041
test_03065,77.673904
test_03066,83.356415
test_03067,16.980293
test_03068,20.111595
test_03069,14.225848
test_03070,16.05809
test_03071,101.37295
test_03072,9.299025
test_03073,178.08594
test_03074,133.15025
test_03075,99.08524
test_03076,42.579834
test_03077,118.57334
test_03078,8.481899
test_03079,6.365187
test_03080,11.116756
test_03081,13.436193
test_03082,99.70668
test_03083,9.167451
test_03084,94.367775
test_03085,290.36856
test_03086,271.32993
test_03087,68.93188
test_03088,42.70725
test_03089,52.85904
test_03090,116.68876
test_03091,56.88225
test_03092,12.926369
test_03093,41.698387
test_03094,40.361805
test_03095,19.344025
test_03096,58.732983
test_03097,9.962437
test_03098,10.982122
test_03099,120.927246
test_03100,64.33119
test_03101,9.503829
test_03102,9.631261
test_03103,108.455925
test_03104,134.9914
test_03105,115.52885
test_03106,31.637775
test_03107,21.897335
test_03108,81.77196
test_03109,85.372765
test_03110,51.02005
test_03111,74.00109
test_03112,69.75909
test_03113,42.512886
test_03114,106.75008
test_03115,18.653803
test_03116,35.02693
test_03117,65.85653
test_03118,91.323494
test_03119,13.098643
test_03120,48.16289
test_03121,48.35944
test_03122,66.55557
test_03123,64.26308
test_03124,97.14559
test_03125,61.407043
test_03126,160.00371
test_03127,25.923815
test_03128,12.2497
test_03129,13.31289
test_03130,48.308674
test_03131,23.483955
test_03132,24.17367
test_03133,58.960087
test_03134,20.11573
test_03135,44.341125
test_03136,104.03518
test_03137,30.144258
test_03138,41.400208
test_03139,54.90665
test_03140,44.8815
test_03141,49.06453
test_03142,45.186153
test_03143,76.77833
test_03144,108.696106
test_03145,79.29031
test_03146,78.558815
test_03147,80.69578
test_03148,48.258923
test_03149,13.710057
test_03150,24.815725
test_03151,82.15548
test_03152,37.18094
test_03153,17.761232
test_03154,95.58593
test_03155,73.18198
test_03156,32.2788
test_03157,49.680912
test_03158,87.53036
test_03159,61.956863
test_03160,88.12782
test_03161,118.728294
test_03162,91.25953
test_03163,189.46663
test_03164,35.38428
test_03165,8.536158
test_03166,77.892296
test_03167,84.94114
test_03168,49.909477
test_03169,16.920784
test_03170,29.565834
test_03171,43.07638
test_03172,48.11149
test_03173,107.310524
test_03174,100.06134
test_03175,172.41034
test_03176,67.11033
test_03177,148.95908
test_03178,9.184192
test_03179,29.121973
test_03180,55.169605
test_03181,105.18191
test_03182,105.21698
test_03183,71.57992
test_03184,30.223408
test_03185,42.07021
test_03186,102.845535
test_03187,60.981144
test_03188,90.624725
test_03189,77.34225
test_03190,75.72461
test_03191,70.73577
test_03192,117.24211
test_03193,92.51093
test_03194,60.814922
test_03195,32.54069
test_03196,43.31381
test_03197,30.488287
test_03198,35.84437
test_03199,96.67094
test_03200,97.43371
test_03201,99.366806
test_03202,11.04387
test_03203,34.276085
test_03204,60.35787
test_03205,163.3359
test_03206,121.28486
test_03207,26.713152
test_03208,50.781013
test_03209,16.523233
test_03210,95.71654
test_03211,119.84081
test_03212,48.88312
test_03213,65.94486
test_03214,152.64635
test_03215,93.16765
test_03216,94.04547
test_03217,86.727196
test_03218,129.31027
test_03219,18.853916
test_03220,57.005592
test_03221,66.23045
test_03222,67.13327
test_03223,51.57755
test_03224,31.585173
test_03225,20.010212
test_03226,14.730776
test_03227,32.312336
test_03228,96.50396
test_03229,57.662197
test_03230,35.22479
test_03231,67.26473
test_03232,74.64577
test_03233,35.332203
test_03234,90.314285
test_03235,116.33541
test_03236,9.296498
test_03237,33.954895
test_03238,10.324859
test_03239,26.980124
test_03240,48.696255
test_03241,32.030296
test_03242,9.4912
test_03243,18.15193
test_03244,16.93879
test_03245,117.717545
test_03246,34.03532
test_03247,17.943302
test_03248,39.500713
test_03249,14.509063
test_03250,9.626662
test_03251,13.943868
test_03252,32.667435
test_03253,35.920185
test_03254,57.123924
test_03255,76.22317
test_03256,145.20145
test_03257,34.865414
test_03258,31.485283
test_03259,16.22489
test_03260,19.143744
test_03261,53.867184
test_03262,87.07749
test_03263,82.29675
test_03264,36.111347
test_03265,192.76353
test_03266,37.886086
test_03267,11.502006
test_03268,8.794117
test_03269,52.519405
test_03270,84.699745
test_03271,213.92319
test_03272,198.39084
test_03273,94.160545
test_03274,45.365154
test_03275,56.368526
test_03276,52.534588
test_03277,48.95673
test_03278,17.338266
test_03279,48.259388
test_03280,124.51279
test_03281,59.156467
test_03282,124.80444
test_03283,208.72046
test_03284,140.40497
test_03285,119.46151
test_03286,100.08628
test_03287,46.963634
test_03288,158.85118
test_03289,29.730549
test_03290,43.068928
test_03291,8.412763
test_03292,20.42436
test_03293,56.646923
test_03294,124.00452
test_03295,9.898929
test_03296,70.27383
test_03297,8.912097
test_03298,26.789804
test_03299,15.012923
test_03300,13.209816
test_03301,60.709743
test_03302,134.91708
test_03303,254.9179
test_03304,214.07404
test_03305,116.031944
test_03306,106.34518
test_03307,10.728501
test_03308,87.031166
test_03309,187.09721
test_03310,99.164505
test_03311,61.15875
test_03312,55.481308
test_03313,27.3024
test_03314,15.524117
test_03315,79.802246
test_03316,66.9018
test_03317,199.37175
test_03318,27.175144
test_03319,64.79313
test_03320,9.100942
test_03321,8.813226
test_03322,33.477345
test_03323,88.99239
test_03324,198.22368
test_03325,273.27628
test_03326,18.542412
test_03327,109.09314
test_03328,131.9096
test_03329,9.23821
test_03330,110.832726
test_03331,237.81287
test_03332,397.5499
test_03333,76.924904
test_03334,37.34826
test_03335,124.04819
test_03336,227.00601
test_03337,8.904717
test_03338,30.239132
test_03339,161.69691
test_03340,223.33716
test_03341,10.605556
test_03342,12.961511
test_03343,7.624188
test_03344,194.66463
test_03345,265.10037
test_03346,204.31195
test_03347,211.41379
test_03348,348.31042
test_03349,388.3863
test_03350,13.701445
test_03351,78.4346
test_03352,125.52595
test_03353,171.8999
test_03354,14.297896
test_03355,153.77504
test_03356,11.3257885
test_03357,298.62976
test_03358,287.10696
test_03359,336.45267
test_03360,99.0215
test_03361,328.8289
test_03362,451.91107
test_03363,249.59192
test_03364,139.97675
test_03365,227.18588
test_03366,20.325455
test_03367,10.994031
test_03368,8.943349
test_03369,61.480274
test_03370,86.6181
test_03371,12.878463
test_03372,25.56439
test_03373,65.19858
test_03374,34.95385
test_03375,156.50723
test_03376,64.67348
test_03377,6.896474
test_03378,56.64574
test_03379,7.4611135
test_03380,19.815886
test_03381,97.19437
test_03382,169.75995
test_03383,297.78033
test_03384,7.372642
test_03385,276.60873
test_03386,10.827935
test_03387,8.942381
test_03388,93.00911
test_03389,7.021115
test_03390,50.6061
test_03391,106.15857
test_03392,315.46185
test_03393,9.681948
test_03394,21.332212
test_03395,47.26994
test_03396,13.322809
test_03397,10.001679
test_03398,11.227311
test_03399,65.55811
test_03400,119.0772
test_03401,206.81096
test_03402,199.20148
test_03403,245.63924
test_03404,7.298603
test_03405,83.690674
test_03406,125.40914
test_03407,6.430458
test_03408,71.19325
test_03409,79.47538
test_03410,16.440884
test_03411,34.395653
test_03412,18.812494
test_03413,18.558716
test_03414,103.19158
test_03415,8.96699
test_03416,190.67813
test_03417,208.47166
test_03418,351.8517
test_03419,90.093285
test_03420,59.239697
test_03421,109.55878
test_03422,8.824553
test_03423,7.268031
test_03424,7.6618867
test_03425,14.756224
test_03426,102.20629
test_03427,9.536584
test_03428,93.62958
test_03429,250.16927
test_03430,349.97922
test_03431,83.151146
test_03432,53.69974
test_03433,60.97635
test_03434,108.73038
test_03435,54.21495
test_03436,19.529467
test_03437,26.99959
test_03438,53.45239
test_03439,15.481189
test_03440,60.1632
test_03441,7.6220827
test_03442,40.435986
test_03443,91.666115
test_03444,59.466198
test_03445,8.587394
test_03446,22.125946
test_03447,56.837963
test_03448,103.05342
test_03449,90.901405
test_03450,20.286896
test_03451,13.024802
test_03452,40.24858
test_03453,55.398098
test_03454,36.29853
test_03455,81.98657
test_03456,47.047764
test_03457,31.931019
test_03458,79.375755
test_03459,12.800547
test_03460,18.807598
test_03461,47.927334
test_03462,79.76133
test_03463,65.434654
test_03464,31.384865
test_03465,10.875987
test_03466,36.50142
test_03467,56.102634
test_03468,67.04371
test_03469,83.61088
test_03470,64.074104
test_03471,53.74527
test_03472,172.21074
test_03473,185.83992
test_03474,28.078943
test_03475,10.948951
test_03476,29.618677
test_03477,51.668003
test_03478,17.875803
test_03479,36.465748
test_03480,54.122906
test_03481,19.74389
test_03482,44.15429
test_03483,172.48502
test_03484,25.34744
test_03485,33.55426
test_03486,55.113228
test_03487,65.324684
test_03488,35.986008
test_03489,48.862133
test_03490,86.20372
test_03491,88.32207
test_03492,75.23574
test_03493,48.885822
test_03494,96.365234
test_03495,58.428135
test_03496,11.112372
test_03497,16.74515
test_03498,56.59875
test_03499,37.674885
test_03500,11.11846
test_03501,89.77808
test_03502,29.947275
test_03503,45.12821
test_03504,40.238964
test_03505,53.95753
test_03506,61.27741
test_03507,74.09605
test_03508,112.813545
test_03509,81.54145
test_03510,169.34535
test_03511,53.556477
test_03512,10.135805
test_03513,45.262424
test_03514,50.792225
test_03515,65.311485
test_03516,17.191864
test_03517,34.344692
test_03518,25.45539
test_03519,31.433788
test_03520,93.033615
test_03521,147.0802
test_03522,64.01544
test_03523,39.604343
test_03524,9.754966
test_03525,13.597724
test_03526,28.681791
test_03527,75.52578
test_03528,97.17354
test_03529,117.33747
test_03530,39.69204
test_03531,21.646545
test_03532,33.29152
test_03533,119.21679
test_03534,47.387012
test_03535,81.68946
test_03536,73.414185
test_03537,61.900787
test_03538,55.040173
test_03539,110.44885
test_03540,89.82535
test_03541,65.36247
test_03542,25.744057
test_03543,48.59699
test_03544,37.15398
test_03545,47.4609
test_03546,78.797676
test_03547,141.62437
test_03548,56.61671
test_03549,11.078887
test_03550,29.388956
test_03551,58.342793
test_03552,164.46915
test_03553,175.86969
test_03554,36.493816
test_03555,36.000725
test_03556,13.474215
test_03557,92.68015
test_03558,118.72019
test_03559,51.033634
test_03560,62.98846
test_03561,92.7234
test_03562,41.591667
test_03563,49.780624
test_03564,64.918304
test_03565,103.34723
test_03566,15.888974
test_03567,51.44988
test_03568,57.61598
test_03569,81.78579
test_03570,107.83955
test_03571,53.07866
test_03572,22.79538
test_03573,14.237939
test_03574,12.04566
test_03575,22.798422
test_03576,69.77445
test_03577,64.992584
test_03578,16.440926
test_03579,59.423615
test_03580,62.87189
test_03581,39.17873
test_03582,113.05058
test_03583,81.9649
test_03584,6.519411
test_03585,22.92737
test_03586,10.755869
test_03587,21.992586
test_03588,28.522917
test_03589,19.474957
test_03590,9.112233
test_03591,21.100775
test_03592,16.37552
test_03593,138.66223
test_03594,15.422575
test_03595,90.501686
test_03596,7.2111316
test_03597,10.543805
test_03598,12.853711
test_03599,34.63756
test_03600,39.35468
test_03601,77.458305
test_03602,48.864117
test_03603,146.84346
test_03604,69.088646
test_03605,24.648775
test_03606,12.482588
test_03607,25.786385
test_03608,36.479206
test_03609,97.54567
test_03610,63.43494
test_03611,26.448565
test_03612,186.4152
test_03613,28.073153
test_03614,7.26002
test_03615,9.452744
test_03616,25.642872
test_03617,101.765495
test_03618,198.04709
test_03619,153.89307
test_03620,94.7154
test_03621,29.99416
test_03622,54.105247
test_03623,63.349648
test_03624,51.45396
test_03625,24.822466
test_03626,43.395027
test_03627,129.93608
test_03628,56.128445
test_03629,103.62032
test_03630,168.72328
test_03631,245.48413
test_03632,143.12184
test_03633,102.99288
test_03634,84.73147
test_03635,160.6106
test_03636,84.26922
test_03637,43.110313
test_03638,11.515588
test_03639,20.066015
test_03640,42.956886
test_03641,92.083885
test_03642,11.127151
test_03643,51.68376
test_03644,7.1346064
test_03645,29.619719
test_03646,12.48649
test_03647,10.533409
test_03648,76.040245
test_03649,137.77074
test_03650,264.97824
test_03651,255.41109
test_03652,108.477135
test_03653,115.12801
test_03654,13.025259
test_03655,85.60845
test_03656,205.44598
test_03657,50.548195
test_03658,65.46131
test_03659,42.24564
test_03660,10.90046
test_03661,19.967266
test_03662,81.13546
test_03663,54.53327
test_03664,161.57481
test_03665,26.08648
test_03666,67.600624
test_03667,7.668311
test_03668,8.195634
test_03669,13.444886
test_03670,76.06724
test_03671,180.50351
test_03672,308.11868
test_03673,23.696348
test_03674,101.28763
test_03675,150.05164
test_03676,8.166697
test_03677,121.85221
test_03678,116.24166
test_03679,360.91727
test_03680,64.68655
test_03681,46.646935
test_03682,97.1563
test_03683,178.88707
test_03684,7.157947
test_03685,46.028843
test_03686,92.376945
test_03687,222.48734
test_03688,8.989229
test_03689,15.217893
test_03690,7.037175
test_03691,68.15047
test_03692,208.81671
test_03693,222.64651
test_03694,156.85376
test_03695,252.52655
test_03696,343.54794
test_03697,12.371587
test_03698,88.68548
test_03699,162.17091
test_03700,167.17175
test_03701,10.699965
test_03702,159.31537
test_03703,16.625399
test_03704,148.4902
test_03705,405.1849
test_03706,69.54304
test_03707,187.71991
test_03708,403.7018
test_03709,253.95438
test_03710,222.14014
test_03711,161.11682
test_03712,18.149035
test_03713,11.464086
test_03714,7.3276625
test_03715,29.24375
test_03716,98.31141
test_03717,12.872744
test_03718,28.63329
test_03719,88.55221
test_03720,117.54854
test_03721,171.50612
test_03722,53.252106
test_03723,7.6092157
test_03724,89.91354
test_03725,14.5764065
test_03726,23.065191
test_03727,66.69354
test_03728,149.3911
test_03729,203.80298
test_03730,7.6945357
test_03731,547.09906
test_03732,10.674876
test_03733,11.446946
test_03734,102.00949
test_03735,7.141167
test_03736,59.099735
test_03737,88.823326
test_03738,243.97318
test_03739,7.722132
test_03740,10.245637
test_03741,79.305504
test_03742,10.826192
test_03743,8.085445
test_03744,8.893647
test_03745,172.3769
test_03746,158.0573
test_03747,147.86389
test_03748,167.77434
test_03749,269.0351
test_03750,6.8708577
test_03751,80.1651
test_03752,132.04869
test_03753,5.834814
test_03754,73.78887
test_03755,84.05427
test_03756,12.785828
test_03757,42.022724
test_03758,12.862214
test_03759,26.534521
test_03760,59.671207
test_03761,6.867825
test_03762,215.15494
test_03763,147.46902
test_03764,384.29153
test_03765,106.385475
test_03766,62.65825
test_03767,127.93398
test_03768,9.302728
test_03769,8.613644
test_03770,8.265195
test_03771,13.44564
test_03772,102.06805
test_03773,11.112615
test_03774,91.42751
test_03775,288.6339
test_03776,70.42545
test_03777,51.493183
test_03778,58.396564
test_03779,116.21921
test_03780,59.308495
test_03781,14.09941
test_03782,58.520454
test_03783,52.84042
test_03784,13.399357
test_03785,64.400085
test_03786,8.956135
test_03787,10.77621
test_03788,116.97534
test_03789,62.963764
test_03790,7.882517
test_03791,62.291523
test_03792,112.0722
test_03793,110.20949
test_03794,20.727049
test_03795,15.807548
test_03796,46.60229
test_03797,72.586334
test_03798,32.36405
test_03799,88.82984
test_03800,64.962
test_03801,86.06776
test_03802,12.63852
test_03803,18.059038
test_03804,35.64325
test_03805,68.24183
test_03806,100.20882
test_03807,42.76684
test_03808,27.202044
test_03809,57.466694
test_03810,63.019115
test_03811,63.643497
test_03812,75.46662
test_03813,112.602036
test_03814,55.457424
test_03815,167.57281
test_03816,198.73705
test_03817,22.9389
test_03818,14.2721615
test_03819,31.080652
test_03820,48.88761
test_03821,13.342498
test_03822,47.86939
test_03823,83.687485
test_03824,28.020311
test_03825,42.730923
test_03826,141.58789
test_03827,72.54196
test_03828,38.02365
test_03829,60.106705
test_03830,94.0714
test_03831,47.074467
test_03832,48.872997
test_03833,79.61376
test_03834,104.826515
test_03835,80.792984
test_03836,70.89682
test_03837,91.691284
test_03838,65.365875
test_03839,13.816451
test_03840,14.961668
test_03841,80.38921
test_03842,40.118633
test_03843,16.743702
test_03844,86.52442
test_03845,26.598642
test_03846,32.886986
test_03847,35.59611
test_03848,71.897514
test_03849,68.55383
test_03850,85.83959
test_03851,106.66313
test_03852,97.55957
test_03853,200.92076
test_03854,39.40026
test_03855,28.729063
test_03856,65.90599
test_03857,60.24685
test_03858,69.80021
test_03859,15.188277
test_03860,32.015884
test_03861,22.247404
test_03862,33.10512
test_03863,106.10226
test_03864,113.91735
test_03865,72.98126
test_03866,128.49411
test_03867,9.565153
test_03868,16.427475
test_03869,57.686924
test_03870,103.19858
test_03871,117.55547
test_03872,82.470085
test_03873,32.663918
test_03874,41.68754
test_03875,108.31002
test_03876,55.048786
test_03877,85.11517
test_03878,89.16983
test_03879,67.438354
test_03880,63.18078
test_03881,122.65165
test_03882,104.01353
test_03883,67.59557
test_03884,29.628561
test_03885,42.39777
test_03886,29.656834
test_03887,37.45152
test_03888,100.596146
test_03889,99.446045
test_03890,85.11212
test_03891,11.442061
test_03892,30.918734
test_03893,56.78403
test_03894,152.34103
test_03895,141.79916
test_03896,30.693037
test_03897,60.55942
test_03898,16.474312
test_03899,115.87093
test_03900,117.870445
test_03901,34.762104
test_03902,71.360985
test_03903,186.41548
test_03904,100.390785
test_03905,91.57515
test_03906,90.322655
test_03907,127.83177
test_03908,21.713789
test_03909,59.04879
test_03910,38.198566
test_03911,67.13649
test_03912,80.166504
test_03913,57.776115
test_03914,30.307621
test_03915,23.988567
test_03916,14.225686
test_03917,27.648249
test_03918,106.551765
test_03919,53.13254
test_03920,42.6399
test_03921,74.970375
test_03922,72.190895
test_03923,47.62933
test_03924,84.40411
test_03925,126.449745
test_03926,7.711607
test_03927,36.142834
test_03928,9.618122
test_03929,29.178785
test_03930,47.113068
test_03931,22.193777
test_03932,8.623494
test_03933,14.676041
test_03934,22.241407
test_03935,126.63694
test_03936,40.104286
test_03937,14.583137
test_03938,47.85945
test_03939,12.150199
test_03940,9.949878
test_03941,17.171335
test_03942,31.252977
test_03943,43.5407
test_03944,84.750595
test_03945,71.98052
test_03946,166.92648
test_03947,31.474401
test_03948,31.601282
test_03949,16.176062
test_03950,36.542942
test_03951,57.166412
test_03952,95.79425
test_03953,78.610435
test_03954,168.30946
test_03955,32.074917
test_03956,9.717628
test_03957,8.459643
test_03958,48.388554
test_03959,84.75677
test_03960,199.39194
test_03961,185.36655
test_03962,89.96798
test_03963,39.838596
test_03964,55.419342
test_03965,43.76282
test_03966,48.07421
test_03967,18.899996
test_03968,54.83819
test_03969,148.31464
test_03970,50.54374
test_03971,120.41509
test_03972,242.73796
test_03973,108.738914
test_03974,136.11058
test_03975,106.03882
test_03976,59.21342
test_03977,225.75623
test_03978,27.113817
test_03979,40.18151
test_03980,10.006619
test_03981,21.984325
test_03982,72.29903
test_03983,112.599976
test_03984,12.052544
test_03985,60.689526
test_03986,9.859517
test_03987,27.633535
test_03988,13.013845
test_03989,8.434456
test_03990,75.7051
test_03991,164.03894
test_03992,264.40726
test_03993,230.75003
test_03994,119.3693
test_03995,142.54291
test_03996,12.798165
test_03997,102.788635
test_03998,180.28847
test_03999,131.1597
test_04000,55.99609
test_04001,53.49856
test_04002,11.930285
test_04003,16.184864
test_04004,64.242615
test_04005,54.83342
test_04006,189.42592
test_04007,23.916874
test_04008,66.115555
test_04009,8.799903
test_04010,9.954679
test_04011,37.67447
test_04012,84.08135
test_04013,210.50926
test_04014,317.99503
test_04015,13.670163
test_04016,129.47913
test_04017,134.83221
test_04018,9.869886
test_04019,149.77827
test_04020,271.74756
test_04021,457.01544
test_04022,104.68544
test_04023,41.17179
test_04024,134.16861
test_04025,234.16464
test_04026,9.114532
test_04027,16.960585
test_04028,191.24976
test_04029,224.71144
test_04030,9.503344
test_04031,13.474562
test_04032,7.9772606
test_04033,240.0686
test_04034,259.82434
test_04035,249.04373
test_04036,240.6915
test_04037,394.46313
test_04038,442.58206
test_04039,12.0788965
test_04040,90.023735
test_04041,132.88443
test_04042,162.92943
test_04043,8.889178
test_04044,175.41695
test_04045,8.635225
test_04046,377.19656
test_04047,337.37454
test_04048,357.20303
test_04049,74.81544
test_04050,316.80066
test_04051,426.44226
test_04052,265.64716
test_04053,217.53973
test_04054,168.35286
test_04055,15.74482
test_04056,12.704834
test_04057,9.72571
test_04058,67.42868
test_04059,91.9696
test_04060,10.680773
test_04061,28.562521
test_04062,82.78412
test_04063,130.32776
test_04064,168.35286
test_04065,54.58179
test_04066,8.267913
test_04067,68.63404
test_04068,8.6122265
test_04069,20.958612
test_04070,102.693924
test_04071,187.40547
test_04072,348.73145
test_04073,6.8496656
test_04074,488.94824
test_04075,11.233366
test_04076,7.8774676
test_04077,120.029144
test_04078,8.93987
test_04079,54.918423
test_04080,102.93068
test_04081,399.93683
test_04082,8.914798
test_04083,14.293391
test_04084,39.060314
test_04085,10.763118
test_04086,8.504516
test_04087,10.58408
test_04088,131.07484
test_04089,153.4013
test_04090,202.5968
test_04091,233.22531
test_04092,266.02103
test_04093,6.7316318
test_04094,103.63606
test_04095,144.17569
test_04096,6.663545
test_04097,71.50986
test_04098,90.00356
test_04099,13.157493
test_04100,25.04672
test_04101,7.6668105
test_04102,26.863169
test_04103,7.6509757
